Date,Close,Ticker
,VRSK,
2020-01-02,145.443603515625,VRSK
2020-01-03,146.85845947265625,VRSK
2020-01-06,147.19528198242188,VRSK
2020-01-07,148.4272003173828,VRSK
2020-01-08,149.79383850097656,VRSK
2020-01-09,151.23745727539062,VRSK
2020-01-10,151.4107208251953,VRSK
2020-01-13,152.08447265625,VRSK
2020-01-14,150.9873046875,VRSK
2020-01-15,152.69076538085938,VRSK
2020-01-16,154.5290069580078,VRSK
2020-01-17,154.51939392089844,VRSK
2020-01-21,155.2412567138672,VRSK
2020-01-22,157.44522094726562,VRSK
2020-01-23,158.89849853515625,VRSK
2020-01-24,159.09100341796875,VRSK
2020-01-27,157.7917022705078,VRSK
2020-01-28,158.61940002441406,VRSK
2020-01-29,158.0130615234375,VRSK
2020-01-30,158.52317810058594,VRSK
2020-01-31,156.36727905273438,VRSK
2020-02-03,159.01400756835938,VRSK
2020-02-04,161.81472778320312,VRSK
2020-02-05,162.22854614257812,VRSK
2020-02-06,162.60391235351562,VRSK
2020-02-07,162.76751708984375,VRSK
2020-02-10,163.5567169189453,VRSK
2020-02-11,161.58370971679688,VRSK
2020-02-12,162.92149353027344,VRSK
2020-02-13,164.2593231201172,VRSK
2020-02-14,164.942626953125,VRSK
2020-02-18,165.1158447265625,VRSK
2020-02-19,163.36424255371094,VRSK
2020-02-20,163.02732849121094,VRSK
2020-02-21,162.35369873046875,VRSK
2020-02-24,161.28536987304688,VRSK
2020-02-25,156.7041473388672,VRSK
2020-02-26,157.387451171875,VRSK
2020-02-27,149.93820190429688,VRSK
2020-02-28,149.28375244140625,VRSK
2020-03-02,157.00253295898438,VRSK
2020-03-03,154.3750457763672,VRSK
2020-03-04,162.8252716064453,VRSK
2020-03-05,158.7734375,VRSK
2020-03-06,157.2334747314453,VRSK
2020-03-09,142.36383056640625,VRSK
2020-03-10,150.85256958007812,VRSK
2020-03-11,145.98260498046875,VRSK
2020-03-12,134.48989868164062,VRSK
2020-03-13,140.39048767089844,VRSK
2020-03-16,125.39788055419922,VRSK
2020-03-17,139.52276611328125,VRSK
2020-03-18,130.2668914794922,VRSK
2020-03-19,131.5877685546875,VRSK
2020-03-20,119.79618835449219,VRSK
2020-03-23,116.83622741699219,VRSK
2020-03-24,132.35911560058594,VRSK
2020-03-25,129.48593139648438,VRSK
2020-03-26,137.00636291503906,VRSK
2020-03-27,132.83151245117188,VRSK
2020-03-30,141.6053466796875,VRSK
2020-03-31,134.3837890625,VRSK
2020-04-01,135.733642578125,VRSK
2020-04-02,137.86441040039062,VRSK
2020-04-03,136.5724334716797,VRSK
2020-04-06,142.44418334960938,VRSK
2020-04-07,141.89459228515625,VRSK
2020-04-08,143.36972045898438,VRSK
2020-04-09,142.94549560546875,VRSK
2020-04-13,138.9925079345703,VRSK
2020-04-14,144.9123992919922,VRSK
2020-04-15,141.85601806640625,VRSK
2020-04-16,143.7650604248047,VRSK
2020-04-17,148.2772674560547,VRSK
2020-04-20,143.96754455566406,VRSK
2020-04-21,140.0048370361328,VRSK
2020-04-22,145.78016662597656,VRSK
2020-04-23,142.4055938720703,VRSK
2020-04-24,143.21546936035156,VRSK
2020-04-27,146.35858154296875,VRSK
2020-04-28,146.34898376464844,VRSK
2020-04-29,147.58309936523438,VRSK
2020-04-30,147.35174560546875,VRSK
2020-05-01,147.949462890625,VRSK
2020-05-04,148.92327880859375,VRSK
2020-05-05,151.84461975097656,VRSK
2020-05-06,149.61752319335938,VRSK
2020-05-07,152.59671020507812,VRSK
2020-05-08,153.85012817382812,VRSK
2020-05-11,154.94923400878906,VRSK
2020-05-12,150.98658752441406,VRSK
2020-05-13,148.8943328857422,VRSK
2020-05-14,148.3833465576172,VRSK
2020-05-15,149.0196533203125,VRSK
2020-05-18,152.6448974609375,VRSK
2020-05-19,152.3942108154297,VRSK
2020-05-20,153.82115173339844,VRSK
2020-05-21,151.2179718017578,VRSK
2020-05-22,151.64219665527344,VRSK
2020-05-26,154.70816040039062,VRSK
2020-05-27,157.6006622314453,VRSK
2020-05-28,162.3057098388672,VRSK
2020-05-29,166.4901580810547,VRSK
2020-06-01,163.30845642089844,VRSK
2020-06-02,164.83184814453125,VRSK
2020-06-03,164.63897705078125,VRSK
2020-06-04,158.56483459472656,VRSK
2020-06-05,160.17494201660156,VRSK
2020-06-08,163.5880584716797,VRSK
2020-06-09,163.26023864746094,VRSK
2020-06-10,165.10182189941406,VRSK
2020-06-11,156.85826110839844,VRSK
2020-06-12,157.0996856689453,VRSK
2020-06-15,159.7362060546875,VRSK
2020-06-16,160.72129821777344,VRSK
2020-06-17,161.3297119140625,VRSK
2020-06-18,161.13656616210938,VRSK
2020-06-19,158.56764221191406,VRSK
2020-06-22,161.54217529296875,VRSK
2020-06-23,161.0979461669922,VRSK
2020-06-24,158.08474731445312,VRSK
2020-06-25,160.51852416992188,VRSK
2020-06-26,157.31219482421875,VRSK
2020-06-29,158.71250915527344,VRSK
2020-06-30,164.37184143066406,VRSK
2020-07-01,166.515869140625,VRSK
2020-07-02,167.18222045898438,VRSK
2020-07-06,167.6167755126953,VRSK
2020-07-07,167.00836181640625,VRSK
2020-07-08,166.91180419921875,VRSK
2020-07-09,167.2691192626953,VRSK
2020-07-10,168.20590209960938,VRSK
2020-07-13,166.93112182617188,VRSK
2020-07-14,168.61151123046875,VRSK
2020-07-15,169.3937530517578,VRSK
2020-07-16,169.41310119628906,VRSK
2020-07-17,172.2910614013672,VRSK
2020-07-20,175.38150024414062,VRSK
2020-07-21,174.4929656982422,VRSK
2020-07-22,175.14002990722656,VRSK
2020-07-23,174.4447021484375,VRSK
2020-07-24,173.6238250732422,VRSK
2020-07-27,176.93638610839844,VRSK
2020-07-28,176.1830291748047,VRSK
2020-07-29,181.2243194580078,VRSK
2020-07-30,180.76075744628906,VRSK
2020-07-31,182.24801635742188,VRSK
2020-08-03,180.5579376220703,VRSK
2020-08-04,181.2919464111328,VRSK
2020-08-05,180.26824951171875,VRSK
2020-08-06,183.0689239501953,VRSK
2020-08-07,184.6140899658203,VRSK
2020-08-10,183.1558380126953,VRSK
2020-08-11,181.45608520507812,VRSK
2020-08-12,183.9091033935547,VRSK
2020-08-13,184.1795654296875,VRSK
2020-08-14,182.67294311523438,VRSK
2020-08-17,182.595703125,VRSK
2020-08-18,182.6536102294922,VRSK
2020-08-19,180.82839965820312,VRSK
2020-08-20,179.49560546875,VRSK
2020-08-21,179.29278564453125,VRSK
2020-08-24,178.7712860107422,VRSK
2020-08-25,179.60182189941406,VRSK
2020-08-26,180.02674865722656,VRSK
2020-08-27,180.2199249267578,VRSK
2020-08-28,180.93460083007812,VRSK
2020-08-31,180.27789306640625,VRSK
2020-09-01,181.26290893554688,VRSK
2020-09-02,186.18829345703125,VRSK
2020-09-03,180.866943359375,VRSK
2020-09-04,176.51144409179688,VRSK
2020-09-08,171.99168395996094,VRSK
2020-09-09,176.6949005126953,VRSK
2020-09-10,175.28488159179688,VRSK
2020-09-11,175.42010498046875,VRSK
2020-09-14,179.00839233398438,VRSK
2020-09-15,181.6778564453125,VRSK
2020-09-16,180.66232299804688,VRSK
2020-09-17,178.7279052734375,VRSK
2020-09-18,175.6232452392578,VRSK
2020-09-21,172.818359375,VRSK
2020-09-22,174.4722442626953,VRSK
2020-09-23,171.2708282470703,VRSK
2020-09-24,171.41590881347656,VRSK
2020-09-25,175.3910675048828,VRSK
2020-09-28,178.46678161621094,VRSK
2020-09-29,178.33139038085938,VRSK
2020-09-30,179.23085021972656,VRSK
2020-10-01,179.55003356933594,VRSK
2020-10-02,176.12615966796875,VRSK
2020-10-05,175.82632446289062,VRSK
2020-10-06,173.8919677734375,VRSK
2020-10-07,177.0256805419922,VRSK
2020-10-08,178.83432006835938,VRSK
2020-10-09,181.03952026367188,VRSK
2020-10-12,186.42678833007812,VRSK
2020-10-13,187.2972869873047,VRSK
2020-10-14,185.46925354003906,VRSK
2020-10-15,185.72071838378906,VRSK
2020-10-16,186.1559600830078,VRSK
2020-10-19,182.31622314453125,VRSK
2020-10-20,184.11520385742188,VRSK
2020-10-21,182.97390747070312,VRSK
2020-10-22,182.6837615966797,VRSK
2020-10-23,183.0415802001953,VRSK
2020-10-26,179.40493774414062,VRSK
2020-10-27,179.07611083984375,VRSK
2020-10-28,173.60179138183594,VRSK
2020-10-29,173.34066772460938,VRSK
2020-10-30,172.1316680908203,VRSK
2020-11-02,176.1745147705078,VRSK
2020-11-03,181.78421020507812,VRSK
2020-11-04,189.94740295410156,VRSK
2020-11-05,188.03231811523438,VRSK
2020-11-06,190.87586975097656,VRSK
2020-11-09,189.87001037597656,VRSK
2020-11-10,188.69972229003906,VRSK
2020-11-11,193.2745361328125,VRSK
2020-11-12,192.64588928222656,VRSK
2020-11-13,197.01760864257812,VRSK
2020-11-16,198.51675415039062,VRSK
2020-11-17,198.5457305908203,VRSK
2020-11-18,197.21104431152344,VRSK
2020-11-19,198.97128295898438,VRSK
2020-11-20,197.6655731201172,VRSK
2020-11-23,191.62063598632812,VRSK
2020-11-24,188.10006713867188,VRSK
2020-11-25,189.20262145996094,VRSK
2020-11-27,191.72702026367188,VRSK
2020-11-30,191.80441284179688,VRSK
2020-12-01,193.57437133789062,VRSK
2020-12-02,189.5605010986328,VRSK
2020-12-03,187.49072265625,VRSK
2020-12-04,189.26071166992188,VRSK
2020-12-07,188.07102966308594,VRSK
2020-12-08,188.5352783203125,VRSK
2020-12-09,187.1038055419922,VRSK
2020-12-10,185.8948211669922,VRSK
2020-12-11,187.62612915039062,VRSK
2020-12-14,188.64305114746094,VRSK
2020-12-15,189.97000122070312,VRSK
2020-12-16,189.7181854248047,VRSK
2020-12-17,194.90957641601562,VRSK
2020-12-18,198.0379638671875,VRSK
2020-12-21,196.39146423339844,VRSK
2020-12-22,195.57785034179688,VRSK
2020-12-23,193.67950439453125,VRSK
2020-12-24,194.89984130859375,VRSK
2020-12-28,201.43751525878906,VRSK
2020-12-29,199.20021057128906,VRSK
2020-12-30,199.3067626953125,VRSK
2020-12-31,201.05979919433594,VRSK
2021-01-04,196.4979705810547,VRSK
2021-01-05,195.61656188964844,VRSK
2021-01-06,193.76670837402344,VRSK
2021-01-07,194.64805603027344,VRSK
2021-01-08,194.5802459716797,VRSK
2021-01-11,191.64556884765625,VRSK
2021-01-12,190.45425415039062,VRSK
2021-01-13,190.6867218017578,VRSK
2021-01-14,187.78106689453125,VRSK
2021-01-15,184.0425262451172,VRSK
2021-01-19,185.35003662109375,VRSK
2021-01-20,188.58502197265625,VRSK
2021-01-21,188.7399139404297,VRSK
2021-01-22,186.69630432128906,VRSK
2021-01-25,182.74462890625,VRSK
2021-01-26,182.5703582763672,VRSK
2021-01-27,178.473388671875,VRSK
2021-01-28,180.5653839111328,VRSK
2021-01-29,177.72764587402344,VRSK
2021-02-01,180.09083557128906,VRSK
2021-02-02,182.76402282714844,VRSK
2021-02-03,180.9915771484375,VRSK
2021-02-04,182.46380615234375,VRSK
2021-02-05,181.53396606445312,VRSK
2021-02-08,182.91900634765625,VRSK
2021-02-09,184.51708984375,VRSK
2021-02-10,184.8173370361328,VRSK
2021-02-11,183.3451385498047,VRSK
2021-02-12,183.5388641357422,VRSK
2021-02-16,182.4347381591797,VRSK
2021-02-17,182.62843322753906,VRSK
2021-02-18,185.97958374023438,VRSK
2021-02-19,184.4977569580078,VRSK
2021-02-22,180.3813934326172,VRSK
2021-02-23,179.52911376953125,VRSK
2021-02-24,162.25999450683594,VRSK
2021-02-25,159.1219024658203,VRSK
2021-02-26,158.6957550048828,VRSK
2021-03-01,161.78538513183594,VRSK
2021-03-02,161.14614868164062,VRSK
2021-03-03,159.62554931640625,VRSK
2021-03-04,156.56495666503906,VRSK
2021-03-05,162.83140563964844,VRSK
2021-03-08,166.2503662109375,VRSK
2021-03-09,168.93324279785156,VRSK
2021-03-10,169.359375,VRSK
2021-03-11,167.7613067626953,VRSK
2021-03-12,166.63589477539062,VRSK
2021-03-15,169.38148498535156,VRSK
2021-03-16,167.809814453125,VRSK
2021-03-17,166.81051635742188,VRSK
2021-03-18,165.46200561523438,VRSK
2021-03-19,166.74261474609375,VRSK
2021-03-22,169.6046600341797,VRSK
2021-03-23,172.29197692871094,VRSK
2021-03-24,171.6516876220703,VRSK
2021-03-25,169.56582641601562,VRSK
2021-03-26,173.30091857910156,VRSK
2021-03-29,174.9405517578125,VRSK
2021-03-30,170.700927734375,VRSK
2021-03-31,171.41885375976562,VRSK
2021-04-01,174.44573974609375,VRSK
2021-04-05,176.13385009765625,VRSK
2021-04-06,175.4935302734375,VRSK
2021-04-07,174.62037658691406,VRSK
2021-04-08,175.8040008544922,VRSK
2021-04-09,177.2495574951172,VRSK
2021-04-12,177.05552673339844,VRSK
2021-04-13,178.09359741210938,VRSK
2021-04-14,176.5219268798828,VRSK
2021-04-15,178.99583435058594,VRSK
2021-04-16,179.9272003173828,VRSK
2021-04-19,179.02493286132812,VRSK
2021-04-20,178.9376220703125,VRSK
2021-04-21,179.84959411621094,VRSK
2021-04-22,181.67347717285156,VRSK
2021-04-23,183.24517822265625,VRSK
2021-04-26,180.90704345703125,VRSK
2021-04-27,181.61529541015625,VRSK
2021-04-28,181.67347717285156,VRSK
2021-04-29,182.97352600097656,VRSK
2021-04-30,182.58543395996094,VRSK
2021-05-03,182.92503356933594,VRSK
2021-05-04,182.89590454101562,VRSK
2021-05-05,167.47994995117188,VRSK
2021-05-06,169.79869079589844,VRSK
2021-05-07,173.43678283691406,VRSK
2021-05-10,174.2032012939453,VRSK
2021-05-11,169.8568572998047,VRSK
2021-05-12,166.86875915527344,VRSK
2021-05-13,168.40162658691406,VRSK
2021-05-14,169.77928161621094,VRSK
2021-05-17,167.7807159423828,VRSK
2021-05-18,166.92694091796875,VRSK
2021-05-19,167.9068603515625,VRSK
2021-05-20,168.17848205566406,VRSK
2021-05-21,168.33367919921875,VRSK
2021-05-24,168.97402954101562,VRSK
2021-05-25,168.5180206298828,VRSK
2021-05-26,167.8195037841797,VRSK
2021-05-27,166.994873046875,VRSK
2021-05-28,167.6739959716797,VRSK
2021-06-01,166.07318115234375,VRSK
2021-06-02,167.5284881591797,VRSK
2021-06-03,166.7038116455078,VRSK
2021-06-04,167.49937438964844,VRSK
2021-06-07,162.79408264160156,VRSK
2021-06-08,164.4433135986328,VRSK
2021-06-09,164.8507843017578,VRSK
2021-06-10,165.72396850585938,VRSK
2021-06-11,167.06277465820312,VRSK
2021-06-14,168.3844451904297,VRSK
2021-06-15,167.7041778564453,VRSK
2021-06-16,166.0812530517578,VRSK
2021-06-17,168.11233520507812,VRSK
2021-06-18,166.26588439941406,VRSK
2021-06-21,169.97821044921875,VRSK
2021-06-22,170.3183135986328,VRSK
2021-06-23,166.85870361328125,VRSK
2021-06-24,168.4232940673828,VRSK
2021-06-25,169.7741241455078,VRSK
2021-06-28,169.07444763183594,VRSK
2021-06-29,169.41452026367188,VRSK
2021-06-30,169.7935333251953,VRSK
2021-07-01,171.81488037109375,VRSK
2021-07-02,172.49514770507812,VRSK
2021-07-06,172.60205078125,VRSK
2021-07-07,176.9557342529297,VRSK
2021-07-08,176.10055541992188,VRSK
2021-07-09,176.58645629882812,VRSK
2021-07-12,174.9441375732422,VRSK
2021-07-13,176.0616912841797,VRSK
2021-07-14,177.18899536132812,VRSK
2021-07-15,179.5504608154297,VRSK
2021-07-16,181.7175750732422,VRSK
2021-07-19,179.11312866210938,VRSK
2021-07-20,182.1452178955078,VRSK
2021-07-21,181.8147430419922,VRSK
2021-07-22,181.92164611816406,VRSK
2021-07-23,183.07814025878906,VRSK
2021-07-26,181.55239868164062,VRSK
2021-07-27,181.4357452392578,VRSK
2021-07-28,180.0460662841797,VRSK
2021-07-29,182.51446533203125,VRSK
2021-07-30,184.5843963623047,VRSK
2021-08-02,184.64273071289062,VRSK
2021-08-03,183.17527770996094,VRSK
2021-08-04,182.1937713623047,VRSK
2021-08-05,184.5552978515625,VRSK
2021-08-06,182.82540893554688,VRSK
2021-08-09,182.17434692382812,VRSK
2021-08-10,182.2131805419922,VRSK
2021-08-11,185.0022735595703,VRSK
2021-08-12,184.76905822753906,VRSK
2021-08-13,185.84776306152344,VRSK
2021-08-16,186.0032196044922,VRSK
2021-08-17,187.5581512451172,VRSK
2021-08-18,185.3812713623047,VRSK
2021-08-19,189.19076538085938,VRSK
2021-08-20,190.85252380371094,VRSK
2021-08-23,191.9409637451172,VRSK
2021-08-24,191.61056518554688,VRSK
2021-08-25,192.24221801757812,VRSK
2021-08-26,192.20335388183594,VRSK
2021-08-27,193.89427185058594,VRSK
2021-08-30,195.1187744140625,VRSK
2021-08-31,196.0711212158203,VRSK
2021-09-01,197.3345184326172,VRSK
2021-09-02,198.83103942871094,VRSK
2021-09-03,199.29750061035156,VRSK
2021-09-07,197.383056640625,VRSK
2021-09-08,200.52198791503906,VRSK
2021-09-09,199.08370971679688,VRSK
2021-09-10,199.75424194335938,VRSK
2021-09-13,199.23922729492188,VRSK
2021-09-14,200.04690551757812,VRSK
2021-09-15,199.0737762451172,VRSK
2021-09-16,197.02035522460938,VRSK
2021-09-17,195.70657348632812,VRSK
2021-09-20,196.29046630859375,VRSK
2021-09-21,197.5069122314453,VRSK
2021-09-22,200.04690551757812,VRSK
2021-09-23,203.36546325683594,VRSK
2021-09-24,202.39227294921875,VRSK
2021-09-27,198.26600646972656,VRSK
2021-09-28,196.32940673828125,VRSK
2021-09-29,196.94247436523438,VRSK
2021-09-30,194.89883422851562,VRSK
2021-10-01,194.62632751464844,VRSK
2021-10-04,193.47799682617188,VRSK
2021-10-05,196.22235107421875,VRSK
2021-10-06,198.26600646972656,VRSK
2021-10-07,201.1953125,VRSK
2021-10-08,201.90567016601562,VRSK
2021-10-11,200.9908905029297,VRSK
2021-10-12,202.17820739746094,VRSK
2021-10-13,202.78155517578125,VRSK
2021-10-14,205.8762969970703,VRSK
2021-10-15,204.98097229003906,VRSK
2021-10-18,205.3799591064453,VRSK
2021-10-19,206.36288452148438,VRSK
2021-10-20,206.2461395263672,VRSK
2021-10-21,207.4236297607422,VRSK
2021-10-22,208.2216796875,VRSK
2021-10-25,206.3336639404297,VRSK
2021-10-26,205.6524658203125,VRSK
2021-10-27,202.30471801757812,VRSK
2021-10-28,203.70608520507812,VRSK
2021-10-29,204.6306610107422,VRSK
2021-11-01,203.33627319335938,VRSK
2021-11-02,203.6963653564453,VRSK
2021-11-03,208.5428009033203,VRSK
2021-11-04,210.79087829589844,VRSK
2021-11-05,208.83477783203125,VRSK
2021-11-08,209.146240234375,VRSK
2021-11-09,210.4891357421875,VRSK
2021-11-10,208.08543395996094,VRSK
2021-11-11,207.27769470214844,VRSK
2021-11-12,210.4696807861328,VRSK
2021-11-15,212.18247985839844,VRSK
2021-11-16,216.62989807128906,VRSK
2021-11-17,218.47898864746094,VRSK
2021-11-18,220.6394500732422,VRSK
2021-11-19,223.86062622070312,VRSK
2021-11-22,222.40089416503906,VRSK
2021-11-23,223.169677734375,VRSK
2021-11-24,222.08950805664062,VRSK
2021-11-26,219.75381469726562,VRSK
2021-11-29,223.01400756835938,VRSK
2021-11-30,218.8390350341797,VRSK
2021-12-01,213.74932861328125,VRSK
2021-12-02,219.8122100830078,VRSK
2021-12-03,215.70542907714844,VRSK
2021-12-06,215.95843505859375,VRSK
2021-12-07,219.393798828125,VRSK
2021-12-08,222.90695190429688,VRSK
2021-12-09,218.47898864746094,VRSK
2021-12-10,220.58103942871094,VRSK
2021-12-13,222.7999267578125,VRSK
2021-12-14,219.0483856201172,VRSK
2021-12-15,222.7219696044922,VRSK
2021-12-16,223.33578491210938,VRSK
2021-12-17,216.4564666748047,VRSK
2021-12-20,215.647705078125,VRSK
2021-12-21,216.31028747558594,VRSK
2021-12-22,218.1227264404297,VRSK
2021-12-23,219.75973510742188,VRSK
2021-12-27,221.59164428710938,VRSK
2021-12-28,222.2445068359375,VRSK
2021-12-29,223.4332733154297,VRSK
2021-12-30,222.25424194335938,VRSK
2021-12-31,222.87786865234375,VRSK
2022-01-03,215.98875427246094,VRSK
2022-01-04,216.05694580078125,VRSK
2022-01-05,208.82681274414062,VRSK
2022-01-06,207.228759765625,VRSK
2022-01-07,201.36277770996094,VRSK
2022-01-10,201.39198303222656,VRSK
2022-01-11,203.34083557128906,VRSK
2022-01-12,202.08383178710938,VRSK
2022-01-13,197.91334533691406,VRSK
2022-01-14,193.0802459716797,VRSK
2022-01-18,193.37257385253906,VRSK
2022-01-19,194.74649047851562,VRSK
2022-01-20,192.9633331298828,VRSK
2022-01-21,191.0729522705078,VRSK
2022-01-24,192.32997131347656,VRSK
2022-01-25,185.733154296875,VRSK
2022-01-26,182.95606994628906,VRSK
2022-01-27,183.48226928710938,VRSK
2022-01-28,188.34457397460938,VRSK
2022-01-31,191.11195373535156,VRSK
2022-02-01,191.5406951904297,VRSK
2022-02-02,194.99009704589844,VRSK
2022-02-03,191.90122985839844,VRSK
2022-02-04,192.69049072265625,VRSK
2022-02-07,191.98890686035156,VRSK
2022-02-08,193.1192169189453,VRSK
2022-02-09,193.96693420410156,VRSK
2022-02-10,189.7087860107422,VRSK
2022-02-11,187.9743194580078,VRSK
2022-02-14,186.9024658203125,VRSK
2022-02-15,189.299560546875,VRSK
2022-02-16,189.1046600341797,VRSK
2022-02-17,185.43115234375,VRSK
2022-02-18,184.45668029785156,VRSK
2022-02-22,181.6698760986328,VRSK
2022-02-23,173.0755615234375,VRSK
2022-02-24,174.63458251953125,VRSK
2022-02-25,174.9464111328125,VRSK
2022-02-28,172.80267333984375,VRSK
2022-03-01,174.77099609375,VRSK
2022-03-02,177.08033752441406,VRSK
2022-03-03,178.00607299804688,VRSK
2022-03-04,182.89759826660156,VRSK
2022-03-07,182.70274353027344,VRSK
2022-03-08,180.29592895507812,VRSK
2022-03-09,182.4786376953125,VRSK
2022-03-10,180.11082458496094,VRSK
2022-03-11,177.3824462890625,VRSK
2022-03-14,181.50148010253906,VRSK
2022-03-15,186.3428192138672,VRSK
2022-03-16,190.7546844482422,VRSK
2022-03-17,197.56773376464844,VRSK
2022-03-18,203.25827026367188,VRSK
2022-03-21,205.28848266601562,VRSK
2022-03-22,206.0986328125,VRSK
2022-03-23,202.6823272705078,VRSK
2022-03-24,203.25827026367188,VRSK
2022-03-25,203.02398681640625,VRSK
2022-03-28,206.537841796875,VRSK
2022-03-29,209.66127014160156,VRSK
2022-03-30,211.7793731689453,VRSK
2022-03-31,209.49534606933594,VRSK
2022-04-01,208.99758911132812,VRSK
2022-04-04,211.8184051513672,VRSK
2022-04-05,214.1610107421875,VRSK
2022-04-06,214.98089599609375,VRSK
2022-04-07,214.95159912109375,VRSK
2022-04-08,214.26834106445312,VRSK
2022-04-11,211.27183532714844,VRSK
2022-04-12,209.5050811767578,VRSK
2022-04-13,208.98780822753906,VRSK
2022-04-14,208.19717407226562,VRSK
2022-04-18,206.15719604492188,VRSK
2022-04-19,210.17861938476562,VRSK
2022-04-20,212.19911193847656,VRSK
2022-04-21,210.2957305908203,VRSK
2022-04-22,205.56178283691406,VRSK
2022-04-25,208.73403930664062,VRSK
2022-04-26,203.25827026367188,VRSK
2022-04-27,203.43392944335938,VRSK
2022-04-28,207.6017608642578,VRSK
2022-04-29,199.16845703125,VRSK
2022-05-02,197.3529815673828,VRSK
2022-05-03,195.33248901367188,VRSK
2022-05-04,188.90011596679688,VRSK
2022-05-05,183.4243621826172,VRSK
2022-05-06,180.9841766357422,VRSK
2022-05-09,173.72213745117188,VRSK
2022-05-10,174.59083557128906,VRSK
2022-05-11,170.22779846191406,VRSK
2022-05-12,169.50552368164062,VRSK
2022-05-13,171.99447631835938,VRSK
2022-05-16,167.8754425048828,VRSK
2022-05-17,170.39373779296875,VRSK
2022-05-18,162.50701904296875,VRSK
2022-05-19,164.19564819335938,VRSK
2022-05-20,164.84963989257812,VRSK
2022-05-23,166.8310546875,VRSK
2022-05-24,166.85057067871094,VRSK
2022-05-25,166.63583374023438,VRSK
2022-05-26,169.55430603027344,VRSK
2022-05-27,174.37611389160156,VRSK
2022-05-31,170.7353515625,VRSK
2022-06-01,167.13363647460938,VRSK
2022-06-02,171.7895050048828,VRSK
2022-06-03,169.50552368164062,VRSK
2022-06-06,170.16920471191406,VRSK
2022-06-07,171.252685546875,VRSK
2022-06-08,166.27467346191406,VRSK
2022-06-09,162.79981994628906,VRSK
2022-06-10,160.17420959472656,VRSK
2022-06-13,157.80233764648438,VRSK
2022-06-14,154.74136352539062,VRSK
2022-06-15,156.65814208984375,VRSK
2022-06-16,155.08360290527344,VRSK
2022-06-17,158.252197265625,VRSK
2022-06-21,161.48922729492188,VRSK
2022-06-22,162.62364196777344,VRSK
2022-06-23,167.20046997070312,VRSK
2022-06-24,169.17591857910156,VRSK
2022-06-27,170.26145935058594,VRSK
2022-06-28,165.2152099609375,VRSK
2022-06-29,167.5427703857422,VRSK
2022-06-30,169.27369689941406,VRSK
2022-07-01,171.4349822998047,VRSK
2022-07-05,171.5523223876953,VRSK
2022-07-06,174.19281005859375,VRSK
2022-07-07,174.1047821044922,VRSK
2022-07-08,174.1439208984375,VRSK
2022-07-11,173.91897583007812,VRSK
2022-07-12,170.2418670654297,VRSK
2022-07-13,170.8579864501953,VRSK
2022-07-14,172.0511016845703,VRSK
2022-07-15,174.88714599609375,VRSK
2022-07-18,171.63059997558594,VRSK
2022-07-19,176.03135681152344,VRSK
2022-07-20,177.8601531982422,VRSK
2022-07-21,180.63751220703125,VRSK
2022-07-22,180.7059783935547,VRSK
2022-07-25,178.7403106689453,VRSK
2022-07-26,178.9749755859375,VRSK
2022-07-27,180.46145629882812,VRSK
2022-07-28,184.35372924804688,VRSK
2022-07-29,186.05535888671875,VRSK
2022-08-01,184.8524932861328,VRSK
2022-08-02,184.8133544921875,VRSK
2022-08-03,193.02816772460938,VRSK
2022-08-04,194.8863067626953,VRSK
2022-08-05,194.00608825683594,VRSK
2022-08-08,194.6417694091797,VRSK
2022-08-09,194.377685546875,VRSK
2022-08-10,197.6929931640625,VRSK
2022-08-11,196.47055053710938,VRSK
2022-08-12,198.3970947265625,VRSK
2022-08-15,201.13536071777344,VRSK
2022-08-16,199.98141479492188,VRSK
2022-08-17,199.07188415527344,VRSK
2022-08-18,199.43374633789062,VRSK
2022-08-19,196.1478729248047,VRSK
2022-08-22,193.85943603515625,VRSK
2022-08-23,190.1725616455078,VRSK
2022-08-24,190.38768005371094,VRSK
2022-08-25,191.00379943847656,VRSK
2022-08-26,185.7033233642578,VRSK
2022-08-29,185.3512420654297,VRSK
2022-08-30,183.7082977294922,VRSK
2022-08-31,183.03347778320312,VRSK
2022-09-01,184.73512268066406,VRSK
2022-09-02,180.6962127685547,VRSK
2022-09-06,182.5738525390625,VRSK
2022-09-07,187.1702423095703,VRSK
2022-09-08,186.8866424560547,VRSK
2022-09-09,187.80587768554688,VRSK
2022-09-12,188.57847595214844,VRSK
2022-09-13,182.14353942871094,VRSK
2022-09-14,182.11415100097656,VRSK
2022-09-15,180.22357177734375,VRSK
2022-09-16,180.66436767578125,VRSK
2022-09-19,180.48806762695312,VRSK
2022-09-20,178.60728454589844,VRSK
2022-09-21,176.62850952148438,VRSK
2022-09-22,171.48570251464844,VRSK
2022-09-23,171.6228485107422,VRSK
2022-09-26,169.87918090820312,VRSK
2022-09-27,167.53797912597656,VRSK
2022-09-28,170.1828155517578,VRSK
2022-09-29,170.0065460205078,VRSK
2022-09-30,167.0481719970703,VRSK
2022-10-03,170.79998779296875,VRSK
2022-10-04,176.0211639404297,VRSK
2022-10-05,176.25624084472656,VRSK
2022-10-06,172.1028594970703,VRSK
2022-10-07,167.0775909423828,VRSK
2022-10-10,166.2057342529297,VRSK
2022-10-11,166.03921508789062,VRSK
2022-10-12,164.66783142089844,VRSK
2022-10-13,166.27432250976562,VRSK
2022-10-14,163.4335174560547,VRSK
2022-10-17,167.93960571289062,VRSK
2022-10-18,170.31019592285156,VRSK
2022-10-19,165.90206909179688,VRSK
2022-10-20,162.30702209472656,VRSK
2022-10-21,163.58047485351562,VRSK
2022-10-24,166.0000457763672,VRSK
2022-10-25,170.27102661132812,VRSK
2022-10-26,169.9771728515625,VRSK
2022-10-27,172.80810546875,VRSK
2022-10-28,177.42193603515625,VRSK
2022-10-31,179.09706115722656,VRSK
2022-11-01,177.76480102539062,VRSK
2022-11-02,165.8726806640625,VRSK
2022-11-03,161.99354553222656,VRSK
2022-11-04,163.1200714111328,VRSK
2022-11-07,165.0498504638672,VRSK
2022-11-08,167.1167755126953,VRSK
2022-11-09,166.40167236328125,VRSK
2022-11-10,177.4121551513672,VRSK
2022-11-11,174.6301727294922,VRSK
2022-11-14,170.427734375,VRSK
2022-11-15,173.38607788085938,VRSK
2022-11-16,170.94691467285156,VRSK
2022-11-17,166.7543182373047,VRSK
2022-11-18,169.99673461914062,VRSK
2022-11-21,176.27584838867188,VRSK
2022-11-22,175.0023956298828,VRSK
2022-11-23,176.37380981445312,VRSK
2022-11-25,179.13624572753906,VRSK
2022-11-28,173.91505432128906,VRSK
2022-11-29,173.31752014160156,VRSK
2022-11-30,179.95909118652344,VRSK
2022-12-01,182.3394775390625,VRSK
2022-12-02,181.65377807617188,VRSK
2022-12-05,179.41050720214844,VRSK
2022-12-06,178.32318115234375,VRSK
2022-12-07,179.2244110107422,VRSK
2022-12-08,178.46034240722656,VRSK
2022-12-09,178.7835693359375,VRSK
2022-12-12,178.18601989746094,VRSK
2022-12-13,180.92886352539062,VRSK
2022-12-14,179.5355224609375,VRSK
2022-12-15,173.28509521484375,VRSK
2022-12-16,171.7347412109375,VRSK
2022-12-19,169.96853637695312,VRSK
2022-12-20,168.95787048339844,VRSK
2022-12-21,172.8140869140625,VRSK
2022-12-22,171.20486450195312,VRSK
2022-12-23,172.3136749267578,VRSK
2022-12-27,172.26461791992188,VRSK
2022-12-28,170.9595489501953,VRSK
2022-12-29,174.71768188476562,VRSK
2022-12-30,173.1084747314453,VRSK
2023-01-03,174.01119995117188,VRSK
2023-01-04,176.8665771484375,VRSK
2023-01-05,174.3055877685547,VRSK
2023-01-06,179.44723510742188,VRSK
2023-01-09,178.63279724121094,VRSK
2023-01-10,180.0948028564453,VRSK
2023-01-11,182.96981811523438,VRSK
2023-01-12,179.52572631835938,VRSK
2023-01-13,180.4971160888672,VRSK
2023-01-17,178.16180419921875,VRSK
2023-01-18,177.29833984375,VRSK
2023-01-19,174.96299743652344,VRSK
2023-01-20,178.20106506347656,VRSK
2023-01-23,181.88067626953125,VRSK
2023-01-24,179.9084014892578,VRSK
2023-01-25,176.72921752929688,VRSK
2023-01-26,177.5926971435547,VRSK
2023-01-27,176.76844787597656,VRSK
2023-01-30,176.0423583984375,VRSK
2023-01-31,178.37767028808594,VRSK
2023-02-01,180.70318603515625,VRSK
2023-02-02,183.50950622558594,VRSK
2023-02-03,176.72921752929688,VRSK
2023-02-06,173.60890197753906,VRSK
2023-02-07,174.53123474121094,VRSK
2023-02-08,174.374267578125,VRSK
2023-02-09,172.91220092773438,VRSK
2023-02-10,173.46170043945312,VRSK
2023-02-13,175.70870971679688,VRSK
2023-02-14,173.50094604492188,VRSK
2023-02-15,174.08970642089844,VRSK
2023-02-16,172.91220092773438,VRSK
2023-02-17,173.80514526367188,VRSK
2023-02-21,171.41094970703125,VRSK
2023-02-22,171.22450256347656,VRSK
2023-02-23,170.6357421875,VRSK
2023-02-24,168.45742797851562,VRSK
2023-02-27,168.7616424560547,VRSK
2023-02-28,167.89813232421875,VRSK
2023-03-01,173.40284729003906,VRSK
2023-03-02,178.18142700195312,VRSK
2023-03-03,183.41139221191406,VRSK
2023-03-06,184.17672729492188,VRSK
2023-03-07,180.693359375,VRSK
2023-03-08,181.3998565673828,VRSK
2023-03-09,179.73178100585938,VRSK
2023-03-10,176.75863647460938,VRSK
2023-03-13,177.56321716308594,VRSK
2023-03-14,177.8385009765625,VRSK
2023-03-15,176.92425537109375,VRSK
2023-03-16,177.8090057373047,VRSK
2023-03-17,177.0225830078125,VRSK
2023-03-20,182.36068725585938,VRSK
2023-03-21,182.9505157470703,VRSK
2023-03-22,179.843994140625,VRSK
2023-03-23,178.74295043945312,VRSK
2023-03-24,183.53053283691406,VRSK
2023-03-27,182.10507202148438,VRSK
2023-03-28,184.5135955810547,VRSK
2023-03-29,187.03028869628906,VRSK
2023-03-30,187.72824096679688,VRSK
2023-03-31,188.613037109375,VRSK
2023-04-03,188.33778381347656,VRSK
2023-04-04,187.364501953125,VRSK
2023-04-05,188.2198028564453,VRSK
2023-04-06,187.19740295410156,VRSK
2023-04-10,187.04010009765625,VRSK
2023-04-11,188.2099609375,VRSK
2023-04-12,188.91775512695312,VRSK
2023-04-13,191.3164825439453,VRSK
2023-04-14,188.613037109375,VRSK
2023-04-17,188.91775512695312,VRSK
2023-04-18,189.8713836669922,VRSK
2023-04-19,189.55679321289062,VRSK
2023-04-20,191.267333984375,VRSK
2023-04-21,193.4595947265625,VRSK
2023-04-24,192.48635864257812,VRSK
2023-04-25,189.44866943359375,VRSK
2023-04-26,187.00079345703125,VRSK
2023-04-27,188.84898376464844,VRSK
2023-04-28,190.82492065429688,VRSK
2023-05-01,189.31101989746094,VRSK
2023-05-02,185.78176879882812,VRSK
2023-05-03,200.51809692382812,VRSK
2023-05-04,202.2777862548828,VRSK
2023-05-05,207.31114196777344,VRSK
2023-05-08,206.5640106201172,VRSK
2023-05-09,207.82232666015625,VRSK
2023-05-10,210.84036254882812,VRSK
2023-05-11,211.6858367919922,VRSK
2023-05-12,211.37123107910156,VRSK
2023-05-15,211.35157775878906,VRSK
2023-05-16,214.41880798339844,VRSK
2023-05-17,215.4116668701172,VRSK
2023-05-18,216.89613342285156,VRSK
2023-05-19,218.3609161376953,VRSK
2023-05-22,214.556396484375,VRSK
2023-05-23,212.10855102539062,VRSK
2023-05-24,212.99334716796875,VRSK
2023-05-25,214.97914123535156,VRSK
2023-05-26,213.3964080810547,VRSK
2023-05-30,214.93980407714844,VRSK
2023-05-31,215.40185546875,VRSK
2023-06-01,216.247314453125,VRSK
2023-06-02,217.62359619140625,VRSK
2023-06-05,219.35385131835938,VRSK
2023-06-06,217.57449340820312,VRSK
2023-06-07,214.79237365722656,VRSK
2023-06-08,216.1883087158203,VRSK
2023-06-09,215.6476287841797,VRSK
2023-06-12,215.4116668701172,VRSK
2023-06-13,213.46519470214844,VRSK
2023-06-14,216.8916778564453,VRSK
2023-06-15,221.1156768798828,VRSK
2023-06-16,221.06643676757812,VRSK
2023-06-20,222.49415588378906,VRSK
2023-06-21,223.72491455078125,VRSK
2023-06-22,224.50277709960938,VRSK
2023-06-23,220.89907836914062,VRSK
2023-06-26,219.56982421875,VRSK
2023-06-27,221.17474365234375,VRSK
2023-06-28,219.73721313476562,VRSK
2023-06-29,219.83567810058594,VRSK
2023-06-30,222.55323791503906,VRSK
2023-07-03,219.07754516601562,VRSK
2023-07-05,222.5729217529297,VRSK
2023-07-06,223.51815795898438,VRSK
2023-07-07,221.50953674316406,VRSK
2023-07-10,223.4886016845703,VRSK
2023-07-11,223.4689178466797,VRSK
2023-07-12,223.0258331298828,VRSK
2023-07-13,223.11447143554688,VRSK
2023-07-14,225.27076721191406,VRSK
2023-07-17,226.4326171875,VRSK
2023-07-18,225.4578399658203,VRSK
2023-07-19,224.69972229003906,VRSK
2023-07-20,227.30894470214844,VRSK
2023-07-21,230.50892639160156,VRSK
2023-07-24,230.55816650390625,VRSK
2023-07-25,233.27569580078125,VRSK
2023-07-26,233.3643035888672,VRSK
2023-07-27,227.8997039794922,VRSK
2023-07-28,228.58895874023438,VRSK
2023-07-31,225.41847229003906,VRSK
2023-08-01,225.6941680908203,VRSK
2023-08-02,228.84490966796875,VRSK
2023-08-03,226.8560028076172,VRSK
2023-08-04,226.225830078125,VRSK
2023-08-07,229.93785095214844,VRSK
2023-08-08,228.95323181152344,VRSK
2023-08-09,231.41477966308594,VRSK
2023-08-10,229.50462341308594,VRSK
2023-08-11,231.06031799316406,VRSK
2023-08-14,233.49234008789062,VRSK
2023-08-15,231.1686553955078,VRSK
2023-08-16,231.71018981933594,VRSK
2023-08-17,227.13169860839844,VRSK
2023-08-18,227.38771057128906,VRSK
2023-08-21,228.80555725097656,VRSK
2023-08-22,228.17544555664062,VRSK
2023-08-23,231.72987365722656,VRSK
2023-08-24,231.06031799316406,VRSK
2023-08-25,233.5415496826172,VRSK
2023-08-28,234.28001403808594,VRSK
2023-08-29,235.46156311035156,VRSK
2023-08-30,237.95265197753906,VRSK
2023-08-31,238.49420166015625,VRSK
2023-09-01,239.10462951660156,VRSK
2023-09-05,236.90895080566406,VRSK
2023-09-06,239.7249755859375,VRSK
2023-09-07,241.38897705078125,VRSK
2023-09-08,240.6209716796875,VRSK
2023-09-11,241.2412872314453,VRSK
2023-09-12,240.75881958007812,VRSK
2023-09-13,241.78280639648438,VRSK
2023-09-14,245.00698852539062,VRSK
2023-09-15,242.20680236816406,VRSK
2023-09-18,242.76882934570312,VRSK
2023-09-19,242.8575439453125,VRSK
2023-09-20,242.8772735595703,VRSK
2023-09-21,237.5529327392578,VRSK
2023-09-22,238.5586395263672,VRSK
2023-09-25,239.28829956054688,VRSK
2023-09-26,238.02626037597656,VRSK
2023-09-27,236.2711639404297,VRSK
2023-09-28,237.16842651367188,VRSK
2023-09-29,232.92869567871094,VRSK
2023-10-02,233.0371551513672,VRSK
2023-10-03,231.45956420898438,VRSK
2023-10-04,236.5669708251953,VRSK
2023-10-05,235.2852020263672,VRSK
2023-10-06,236.6063995361328,VRSK
2023-10-09,240.6489715576172,VRSK
2023-10-10,241.02362060546875,VRSK
2023-10-11,242.0687255859375,VRSK
2023-10-12,242.5321807861328,VRSK
2023-10-13,244.12945556640625,VRSK
2023-10-16,239.1206817626953,VRSK
2023-10-17,236.54727172851562,VRSK
2023-10-18,234.79220581054688,VRSK
2023-10-19,231.16378784179688,VRSK
2023-10-20,231.16378784179688,VRSK
2023-10-23,227.6339569091797,VRSK
2023-10-24,226.9141845703125,VRSK
2023-10-25,224.93240356445312,VRSK
2023-10-26,223.51254272460938,VRSK
2023-10-27,220.7123565673828,VRSK
2023-10-30,221.34339904785156,VRSK
2023-10-31,224.1731719970703,VRSK
2023-11-01,219.13478088378906,VRSK
2023-11-02,226.64797973632812,VRSK
2023-11-03,227.38748168945312,VRSK
2023-11-06,227.57481384277344,VRSK
2023-11-07,229.9214324951172,VRSK
2023-11-08,232.70191955566406,VRSK
2023-11-09,232.19906616210938,VRSK
2023-11-10,234.59498596191406,VRSK
2023-11-13,235.16685485839844,VRSK
2023-11-14,234.7231903076172,VRSK
2023-11-15,234.45697021484375,VRSK
2023-11-16,234.2203369140625,VRSK
2023-11-17,233.79635620117188,VRSK
2023-11-20,235.92608642578125,VRSK
2023-11-21,236.4289093017578,VRSK
2023-11-22,236.66555786132812,VRSK
2023-11-24,236.1824188232422,VRSK
2023-11-27,237.6219482421875,VRSK
2023-11-28,236.7050323486328,VRSK
2023-11-29,234.92037963867188,VRSK
2023-11-30,238.0459442138672,VRSK
2023-12-01,239.32772827148438,VRSK
2023-12-04,235.94581604003906,VRSK
2023-12-05,235.25559997558594,VRSK
2023-12-06,231.56802368164062,VRSK
2023-12-07,230.47360229492188,VRSK
2023-12-08,229.65524291992188,VRSK
2023-12-11,236.74444580078125,VRSK
2023-12-12,239.8700408935547,VRSK
2023-12-13,243.76463317871094,VRSK
2023-12-14,232.44972229003906,VRSK
2023-12-15,232.02517700195312,VRSK
2023-12-18,234.32569885253906,VRSK
2023-12-19,231.4920196533203,VRSK
2023-12-20,230.51455688476562,VRSK
2023-12-21,232.0350341796875,VRSK
2023-12-22,233.2099609375,VRSK
2023-12-26,234.0294952392578,VRSK
2023-12-27,234.2170867919922,VRSK
2023-12-28,234.60211181640625,VRSK
2023-12-29,235.83628845214844,VRSK
2024-01-02,234.9674530029297,VRSK
2024-01-03,233.70367431640625,VRSK
2024-01-04,234.9378204345703,VRSK
2024-01-05,230.74160766601562,VRSK
2024-01-08,229.76416015625,VRSK
2024-01-09,231.74871826171875,VRSK
2024-01-10,230.99832153320312,VRSK
2024-01-11,231.24517822265625,VRSK
2024-01-12,233.77276611328125,VRSK
2024-01-16,234.0294952392578,VRSK
2024-01-17,233.67401123046875,VRSK
2024-01-18,234.54287719726562,VRSK
2024-01-19,237.08033752441406,VRSK
2024-01-22,240.3780517578125,VRSK
2024-01-23,240.75326538085938,VRSK
2024-01-24,241.5530242919922,VRSK
2024-01-25,240.39781188964844,VRSK
2024-01-26,241.059326171875,VRSK
2024-01-29,241.47402954101562,VRSK
2024-01-30,242.97476196289062,VRSK
2024-01-31,238.47250366210938,VRSK
2024-02-01,243.49806213378906,VRSK
2024-02-02,244.64340209960938,VRSK
2024-02-05,243.4783172607422,VRSK
2024-02-06,245.3246612548828,VRSK
2024-02-07,247.4869384765625,VRSK
2024-02-08,246.10464477539062,VRSK
2024-02-09,247.43756103515625,VRSK
2024-02-12,244.0016326904297,VRSK
2024-02-13,241.8294677734375,VRSK
2024-02-14,243.02415466308594,VRSK
2024-02-15,243.52769470214844,VRSK
2024-02-16,241.6023712158203,VRSK
2024-02-20,245.36412048339844,VRSK
2024-02-21,234.66139221191406,VRSK
2024-02-22,236.9717559814453,VRSK
2024-02-23,241.73074340820312,VRSK
2024-02-26,240.03250122070312,VRSK
2024-02-27,239.84490966796875,VRSK
2024-02-28,238.93655395507812,VRSK
2024-02-29,238.83782958984375,VRSK
2024-03-01,238.59097290039062,VRSK
2024-03-04,236.89276123046875,VRSK
2024-03-05,234.73048400878906,VRSK
2024-03-06,232.5879669189453,VRSK
2024-03-07,233.1507568359375,VRSK
2024-03-08,233.53579711914062,VRSK
2024-03-11,234.4737548828125,VRSK
2024-03-12,235.06619262695312,VRSK
2024-03-13,233.2692108154297,VRSK
2024-03-14,230.2825164794922,VRSK
2024-03-15,231.9341278076172,VRSK
2024-03-18,233.13075256347656,VRSK
2024-03-19,234.82191467285156,VRSK
2024-03-20,233.7933807373047,VRSK
2024-03-21,233.30880737304688,VRSK
2024-03-22,232.27037048339844,VRSK
2024-03-25,229.44189453125,VRSK
2024-03-26,228.66061401367188,VRSK
2024-03-27,231.35060119628906,VRSK
2024-03-28,233.13075256347656,VRSK
2024-04-01,230.2133026123047,VRSK
2024-04-02,229.43203735351562,VRSK
2024-04-03,228.46279907226562,VRSK
2024-04-04,224.02232360839844,VRSK
2024-04-05,225.13986206054688,VRSK
2024-04-08,223.88388061523438,VRSK
2024-04-09,226.83099365234375,VRSK
2024-04-10,223.42892456054688,VRSK
2024-04-11,220.89715576171875,VRSK
2024-04-12,220.07632446289062,VRSK
2024-04-15,219.7301483154297,VRSK
2024-04-16,219.65106201171875,VRSK
2024-04-17,219.7993927001953,VRSK
2024-04-18,220.86749267578125,VRSK
2024-04-19,220.06643676757812,VRSK
2024-04-22,220.70924377441406,VRSK
2024-04-23,219.7993927001953,VRSK
2024-04-24,219.7993927001953,VRSK
2024-04-25,220.3334197998047,VRSK
2024-04-26,218.70164489746094,VRSK
2024-04-29,219.40380859375,VRSK
2024-04-30,215.55673217773438,VRSK
2024-05-01,230.24295043945312,VRSK
2024-05-02,231.18246459960938,VRSK
2024-05-03,234.71315002441406,VRSK
2024-05-06,239.1931610107422,VRSK
2024-05-07,244.27647399902344,VRSK
2024-05-08,241.87330627441406,VRSK
2024-05-09,242.27877807617188,VRSK
2024-05-10,245.57205200195312,VRSK
2024-05-13,243.62379455566406,VRSK
2024-05-14,244.207275390625,VRSK
2024-05-15,245.1072540283203,VRSK
2024-05-16,248.7071075439453,VRSK
2024-05-17,248.84556579589844,VRSK
2024-05-20,249.62686157226562,VRSK
2024-05-21,248.7268829345703,VRSK
2024-05-22,250.84327697753906,VRSK
2024-05-23,246.50169372558594,VRSK
2024-05-24,248.80599975585938,VRSK
2024-05-28,246.12586975097656,VRSK
2024-05-29,244.19737243652344,VRSK
2024-05-30,246.62037658691406,VRSK
2024-05-31,249.99278259277344,VRSK
2024-06-03,250.9520721435547,VRSK
2024-06-04,255.40243530273438,VRSK
2024-06-05,258.3990478515625,VRSK
2024-06-06,257.13311767578125,VRSK
2024-06-07,261.08905029296875,VRSK
2024-06-10,260.5747985839844,VRSK
2024-06-11,261.7516784667969,VRSK
2024-06-12,260.6539611816406,VRSK
2024-06-13,259.3484191894531,VRSK
2024-06-14,261.8443908691406,VRSK
2024-06-17,265.1326904296875,VRSK
2024-06-18,266.2320556640625,VRSK
2024-06-20,265.5288391113281,VRSK
2024-06-21,267.7375793457031,VRSK
2024-06-24,269.17364501953125,VRSK
2024-06-25,269.6689147949219,VRSK
2024-06-26,267.28192138671875,VRSK
2024-06-27,268.2624816894531,VRSK
2024-06-28,266.9748840332031,VRSK
2024-07-01,265.54864501953125,VRSK
2024-07-02,269.75799560546875,VRSK
2024-07-03,270.6692199707031,VRSK
2024-07-05,271.8280944824219,VRSK
2024-07-08,270.5900573730469,VRSK
2024-07-09,272.74920654296875,VRSK
2024-07-10,274.8687744140625,VRSK
2024-07-11,272.46197509765625,VRSK
2024-07-12,274.7301025390625,VRSK
2024-07-15,274.8489685058594,VRSK
2024-07-16,278.45416259765625,VRSK
2024-07-17,276.49310302734375,VRSK
2024-07-18,278.236328125,VRSK
2024-07-19,274.1853332519531,VRSK
2024-07-22,275.9483337402344,VRSK
2024-07-23,275.4630126953125,VRSK
2024-07-24,273.9079895019531,VRSK
2024-07-25,273.26422119140625,VRSK
2024-07-26,277.29534912109375,VRSK
2024-07-29,281.0689697265625,VRSK
2024-07-30,283.2578430175781,VRSK
2024-07-31,259.24945068359375,VRSK
2024-08-01,258.873046875,VRSK
2024-08-02,264.11248779296875,VRSK
2024-08-05,259.77435302734375,VRSK
2024-08-06,258.4471435546875,VRSK
2024-08-07,257.8232116699219,VRSK
2024-08-08,262.07220458984375,VRSK
2024-08-09,261.5967102050781,VRSK
2024-08-12,259.8535461425781,VRSK
2024-08-13,263.102294921875,VRSK
2024-08-14,266.0240783691406,VRSK
2024-08-15,263.5975341796875,VRSK
2024-08-16,264.0827941894531,VRSK
2024-08-19,266.6083984375,VRSK
2024-08-20,266.12310791015625,VRSK
2024-08-21,266.8065490722656,VRSK
2024-08-22,267.35125732421875,VRSK
2024-08-23,265.5882873535156,VRSK
2024-08-26,265.4198913574219,VRSK
2024-08-27,266.3509521484375,VRSK
2024-08-28,268.8765869140625,VRSK
2024-08-29,269.1142272949219,VRSK
2024-08-30,270.2136535644531,VRSK
2024-09-03,271.7388916015625,VRSK
2024-09-04,271.47149658203125,VRSK
2024-09-05,270.8871765136719,VRSK
2024-09-06,269.0647277832031,VRSK
2024-09-09,270.6395568847656,VRSK
2024-09-10,270.9862060546875,VRSK
2024-09-11,269.0350646972656,VRSK
2024-09-12,266.796630859375,VRSK
2024-09-13,266.6081237792969,VRSK
2024-09-16,267.21319580078125,VRSK
2024-09-17,264.85247802734375,VRSK
2024-09-18,262.6108703613281,VRSK
2024-09-19,263.8011169433594,VRSK
2024-09-20,262.70013427734375,VRSK
2024-09-23,263.1167297363281,VRSK
2024-09-24,262.640625,VRSK
2024-09-25,263.00762939453125,VRSK
2024-09-26,262.8390197753906,VRSK
2024-09-27,262.10498046875,VRSK
2024-09-30,265.78485107421875,VRSK
2024-10-01,266.43951416015625,VRSK
2024-10-02,265.78485107421875,VRSK
2024-10-03,268.472900390625,VRSK
2024-10-04,263.51348876953125,VRSK
2024-10-07,263.7812805175781,VRSK
2024-10-08,270.0103454589844,VRSK
2024-10-09,274.8110656738281,VRSK
2024-10-10,266.1022644042969,VRSK
2024-10-11,266.0527038574219,VRSK
2024-10-14,267.04461669921875,VRSK
2024-10-15,267.3818664550781,VRSK
2024-10-16,268.4034729003906,VRSK
2024-10-17,265.1004638671875,VRSK
2024-10-18,265.44769287109375,VRSK
2024-10-21,265.9138488769531,VRSK
2024-10-22,265.41790771484375,VRSK
2024-10-23,264.4259948730469,VRSK
2024-10-24,262.81915283203125,VRSK
2024-10-25,262.5018005371094,VRSK
2024-10-28,260.72625732421875,VRSK
2024-10-29,261.5098571777344,VRSK
2024-10-30,273.39263916015625,VRSK
2024-10-31,272.4900207519531,VRSK
2024-11-01,273.2438659667969,VRSK
2024-11-04,274.9697265625,VRSK
2024-11-05,277.4097595214844,VRSK
2024-11-06,276.8641662597656,VRSK
2024-11-07,278.0644226074219,VRSK
2024-11-08,282.6667175292969,VRSK
2024-11-11,282.696533203125,VRSK
2024-11-12,285.5828552246094,VRSK
2024-11-13,287.6856994628906,VRSK
2024-11-14,283.80743408203125,VRSK
2024-11-15,278.5206298828125,VRSK
2024-11-18,278.084228515625,VRSK
2024-11-19,279.3538818359375,VRSK
2024-11-20,281.8930969238281,VRSK
2024-11-21,285.22576904296875,VRSK
2024-11-22,288.3700866699219,VRSK
2024-11-25,289.1239013671875,VRSK
2024-11-26,292.3574523925781,VRSK
2024-11-27,292.1689758300781,VRSK
2024-11-29,291.8218078613281,VRSK
2024-12-02,290.3240966796875,VRSK
2024-12-03,286.70367431640625,VRSK
2024-12-04,289.322265625,VRSK
2024-12-05,286.5549011230469,VRSK
2024-12-06,284.7298889160156,VRSK
2024-12-09,282.5972900390625,VRSK
2024-12-10,284.3529357910156,VRSK
2024-12-11,282.7063903808594,VRSK
2024-12-12,282.984130859375,VRSK
2024-12-13,281.4347229003906,VRSK
2024-12-16,279.4580993652344,VRSK
2024-12-17,278.3258361816406,VRSK
2024-12-18,273.69732666015625,VRSK
2024-12-19,273.7171936035156,VRSK
2024-12-20,274.9885559082031,VRSK
2024-12-23,274.83953857421875,VRSK
2024-12-24,276.6671447753906,VRSK
2024-12-26,276.4982604980469,VRSK
2024-12-27,275.425537109375,VRSK
2024-12-30,273.8760986328125,VRSK
2024-12-31,273.5682067871094,VRSK
2025-01-02,271.5420227050781,VRSK
2025-01-03,274.4124450683594,VRSK
2025-01-06,271.1546325683594,VRSK
2025-01-07,271.671142578125,VRSK
2025-01-08,278.5245056152344,VRSK
2025-01-10,266.814208984375,VRSK
2025-01-13,273.6079406738281,VRSK
2025-01-14,271.64129638671875,VRSK
2025-01-15,271.95916748046875,VRSK
2025-01-16,276.587646484375,VRSK
2025-01-17,276.6671447753906,VRSK
2025-01-21,278.1669006347656,VRSK
2025-01-22,277.46173095703125,VRSK
2025-01-23,276.1009826660156,VRSK
2025-01-24,277.0445556640625,VRSK
2025-01-27,283.5304260253906,VRSK
2025-01-28,279.94482421875,VRSK
2025-01-29,280.6798095703125,VRSK
2025-01-30,286.1327209472656,VRSK
2025-01-31,285.4970397949219,VRSK
2025-02-03,288.973388671875,VRSK
2025-02-04,287.2451477050781,VRSK
2025-02-05,289.668701171875,VRSK
2025-02-06,292.9563293457031,VRSK
2025-02-07,291.7445373535156,VRSK
2025-02-10,292.0126953125,VRSK
2025-02-11,292.3106689453125,VRSK
2025-02-12,291.07904052734375,VRSK
2025-02-13,293.5025634765625,VRSK
2025-02-14,291.4962158203125,VRSK
2025-02-18,291.3173828125,VRSK
2025-02-19,293.860107421875,VRSK
2025-02-20,290.72149658203125,VRSK
2025-02-21,293.1152038574219,VRSK
2025-02-24,295.0023498535156,VRSK
2025-02-25,297.69403076171875,VRSK
2025-02-26,286.08306884765625,VRSK
2025-02-27,288.14898681640625,VRSK
2025-02-28,294.9030456542969,VRSK
2025-03-03,299.29315185546875,VRSK
2025-03-04,297.5152282714844,VRSK
2025-03-05,294.8831787109375,VRSK
2025-03-06,293.36346435546875,VRSK
2025-03-07,298.44891357421875,VRSK
2025-03-10,295.98565673828125,VRSK
2025-03-11,288.566162109375,VRSK
2025-03-12,286.08306884765625,VRSK
2025-03-13,287.5430908203125,VRSK
2025-03-14,287.0755615234375,VRSK
2025-03-17,289.4928894042969,VRSK
2025-03-18,287.4237365722656,VRSK
2025-03-19,288.2295227050781,VRSK
2025-03-20,286.1802673339844,VRSK
2025-03-21,283.67340087890625,VRSK
2025-03-24,283.9121398925781,VRSK
2025-03-25,286.2598571777344,VRSK
2025-03-26,290.5075988769531,VRSK
2025-03-27,295.3422546386719,VRSK
2025-03-28,293.0442810058594,VRSK
2025-03-31,296.06842041015625,VRSK
2025-04-01,297.05328369140625,VRSK
2025-04-02,298.14752197265625,VRSK
2025-04-03,303.4994812011719,VRSK
2025-04-04,283.5043029785156,VRSK
2025-04-07,276.6402587890625,VRSK
2025-04-08,275.5857849121094,VRSK
2025-04-09,287.83160400390625,VRSK
2025-04-10,284.2901611328125,VRSK
2025-04-11,290.3583679199219,VRSK
2025-04-14,293.56158447265625,VRSK
2025-04-15,293.5118408203125,VRSK
2025-04-16,290.70654296875,VRSK
2025-04-17,291.4924011230469,VRSK
2025-04-21,282.8676452636719,VRSK
2025-04-22,291.1741027832031,VRSK
2025-04-23,288.5378723144531,VRSK
2025-04-24,286.7373352050781,VRSK
2025-04-25,284.5587463378906,VRSK
2025-04-28,286.90643310546875,VRSK
2025-04-29,290.8458251953125,VRSK
2025-04-30,294.8846130371094,VRSK
2025-05-01,292.9746398925781,VRSK
2025-05-02,292.36785888671875,VRSK
2025-05-05,293.2134094238281,VRSK
2025-05-06,294.6459045410156,VRSK
2025-05-07,308.284423828125,VRSK
2025-05-08,306.2451171875,VRSK
2025-05-09,307.8865051269531,VRSK
2025-05-12,302.0670166015625,VRSK
2025-05-13,299.9978332519531,VRSK
2025-05-14,299.69940185546875,VRSK
2025-05-15,305.7576599121094,VRSK
2025-05-16,307.9561462402344,VRSK
2025-05-19,312.7112121582031,VRSK
2025-05-20,311.4677429199219,VRSK
2025-05-21,310.7017517089844,VRSK
2025-05-22,312.7012634277344,VRSK
2025-05-23,312.1342468261719,VRSK
2025-05-27,314.5118103027344,VRSK
2025-05-28,314.31280517578125,VRSK
2025-05-29,312.6813659667969,VRSK
2025-05-30,312.5023193359375,VRSK
2025-06-02,315.33746337890625,VRSK
2025-06-03,315.8547668457031,VRSK
2025-06-04,319.65484619140625,VRSK
2025-06-05,318.918701171875,VRSK
2025-06-06,317.9338684082031,VRSK
2025-06-09,311.6368408203125,VRSK
2025-06-10,310.6520080566406,VRSK
2025-06-11,309.8661193847656,VRSK
2025-06-12,312.2735290527344,VRSK
2025-06-13,309.2350769042969,VRSK
2025-06-16,308.29864501953125,VRSK
2025-06-17,306.0671081542969,VRSK
2025-06-18,305.1107177734375,VRSK
2025-06-20,304.8616638183594,VRSK
2025-06-23,307.2426452636719,VRSK
2025-06-24,308.7568664550781,VRSK
2025-06-25,303.0187072753906,VRSK
2025-06-26,303.9750671386719,VRSK
2025-06-27,307.4916687011719,VRSK
2025-06-30,310.3209533691406,VRSK
2025-07-01,311.7654724121094,VRSK
2025-07-02,300.0698547363281,VRSK
2025-07-03,302.9090881347656,VRSK
2025-07-07,307.0035705566406,VRSK
2025-07-08,301.3948669433594,VRSK
2025-07-09,302.57037353515625,VRSK
2025-07-10,301.75347900390625,VRSK
2025-07-11,299.37255859375,VRSK
2025-07-14,304.46319580078125,VRSK
2025-07-15,299.00396728515625,VRSK
2025-07-16,300.3388671875,VRSK
2025-07-17,301.4546203613281,VRSK
2025-07-18,300.7572937011719,VRSK
2025-07-21,298.4261169433594,VRSK
2025-07-22,296.9915771484375,VRSK
2025-07-23,296.16473388671875,VRSK
2025-07-24,294.9692687988281,VRSK
2025-07-25,296.8321838378906,VRSK
2025-07-28,293.3155517578125,VRSK
2025-07-29,292.9369812011719,VRSK
2025-07-30,274.42730712890625,VRSK
2025-07-31,277.6550598144531,VRSK
2025-08-01,270.8608703613281,VRSK
2025-08-04,266.985595703125,VRSK
2025-08-05,263.718017578125,VRSK
2025-08-06,263.97705078125,VRSK
2025-08-07,263.5187683105469,VRSK
2025-08-08,264.03680419921875,VRSK
2025-08-11,266.4078063964844,VRSK
2025-08-12,259.015869140625,VRSK
2025-08-13,263.19000244140625,VRSK
2025-08-14,266.6867370605469,VRSK
2025-08-15,266.8460998535156,VRSK
2025-08-18,264.684326171875,VRSK
2025-08-19,269.9842224121094,VRSK
2025-08-20,269.8248291015625,VRSK
2025-08-21,270.88079833984375,VRSK
2025-08-22,270.03399658203125,VRSK
2025-08-25,266.0591125488281,VRSK
2025-08-26,267.29443359375,VRSK
2025-08-27,266.6867370605469,VRSK
2025-08-28,265.1824645996094,VRSK
2025-08-29,267.1051330566406,VRSK
2025-09-02,263.9969482421875,VRSK
2025-09-03,267.4239196777344,VRSK
2025-09-04,269.02783203125,VRSK
2025-09-05,269.2868347167969,VRSK
2025-09-08,271.9965515136719,VRSK
2025-09-09,267.6430969238281,VRSK
2025-09-10,261.7753601074219,VRSK
2025-09-11,265.23223876953125,VRSK
2025-09-12,261.2075500488281,VRSK
2025-09-15,254.55137634277344,VRSK
2025-09-16,251.30810546875,VRSK
2025-09-17,249.17254638671875,VRSK
2025-09-18,244.8215789794922,VRSK
2025-09-19,242.96543884277344,VRSK
2025-09-22,243.6739501953125,VRSK
2025-09-23,241.79786682128906,VRSK
2025-09-24,242.44650268554688,VRSK
2025-09-25,243.55421447753906,VRSK
2025-09-26,246.5579833984375,VRSK
2025-09-29,248.26443481445312,VRSK
2025-09-30,250.98876953125,VRSK
2025-10-01,249.0328369140625,VRSK
2025-10-02,246.91722106933594,VRSK
2025-10-03,248.5238800048828,VRSK
2025-10-06,244.56211853027344,VRSK
2025-10-07,245.5800018310547,VRSK
2025-10-08,242.97540283203125,VRSK
2025-10-09,240.77000427246094,VRSK
2025-10-10,242.5562744140625,VRSK
2025-10-13,241.5783233642578,VRSK
2025-10-14,242.8556671142578,VRSK
2025-10-15,243.47438049316406,VRSK
2025-10-16,228.58529663085938,VRSK
2025-10-17,231.85848999023438,VRSK
2025-10-20,234.80238342285156,VRSK
2025-10-21,236.5387725830078,VRSK
2025-10-22,236.97787475585938,VRSK
2025-10-23,234.3034210205078,VRSK
2025-10-24,234.45310974121094,VRSK
2025-10-27,233.19570922851562,VRSK
2025-10-28,231.64894104003906,VRSK
2025-10-29,207.56893920898438,VRSK
2025-10-30,217.1490478515625,VRSK
2025-10-31,218.306640625,VRSK
2025-11-03,214.95359802246094,VRSK
2025-11-04,219.5440673828125,VRSK
2025-11-05,213.6063995361328,VRSK
2025-11-06,212.42884826660156,VRSK
2025-11-07,214.21514892578125,VRSK
2025-11-10,212.4987030029297,VRSK
2025-11-11,214.82388305664062,VRSK
2025-11-12,212.46876525878906,VRSK
2025-11-13,217.22886657714844,VRSK
2025-11-14,215.39268493652344,VRSK
2025-11-17,218.6459503173828,VRSK
2025-11-18,222.49794006347656,VRSK
2025-11-19,224.4039764404297,VRSK
2025-11-20,221.42018127441406,VRSK
2025-11-21,222.69752502441406,VRSK
2025-11-24,219.3843994140625,VRSK
2025-11-25,222.5578155517578,VRSK
2025-11-26,223.42601013183594,VRSK
2025-11-28,224.60357666015625,VRSK
2025-12-01,223.54576110839844,VRSK
2025-12-02,224.384033203125,VRSK
2025-12-03,224.01478576660156,VRSK
2025-12-04,221.62974548339844,VRSK
2025-12-05,220.78150939941406,VRSK
2025-12-08,218.50624084472656,VRSK
2025-12-09,215.58230590820312,VRSK
2025-12-10,214.03550720214844,VRSK
2025-12-11,215.8417510986328,VRSK
2025-12-12,216.69000244140625,VRSK
2025-12-15,218.22999572753906,VRSK
2025-12-16,217.63999938964844,VRSK
2025-12-17,219.1699981689453,VRSK
2025-12-18,218.57000732421875,VRSK
2025-12-19,218.02999877929688,VRSK
2025-12-22,220.44000244140625,VRSK
2025-12-23,218.4600067138672,VRSK
2025-12-24,218.85000610351562,VRSK
2025-12-26,220.33999633789062,VRSK
2025-12-29,224.74000549316406,VRSK
2025-12-30,224.36000061035156,VRSK
2025-12-31,223.69000244140625,VRSK
2026-01-02,221.02000427246094,VRSK
2026-01-05,220.6999969482422,VRSK
2026-01-06,221.22999572753906,VRSK
2026-01-07,219.61000061035156,VRSK
2026-01-08,222.85000610351562,VRSK
2026-01-09,224.8699951171875,VRSK
2026-01-12,224.82000732421875,VRSK
2026-01-13,222.08999633789062,VRSK
2026-01-14,224.16000366210938,VRSK
2026-01-15,222.0500030517578,VRSK
2026-01-16,220.41000366210938,VRSK
2026-01-20,218.49000549316406,VRSK
2026-01-21,216.58999633789062,VRSK
2026-01-22,218.5,VRSK
2026-01-23,218.0399932861328,VRSK
2026-01-26,219.74000549316406,VRSK
2026-01-27,216.27999877929688,VRSK
2026-01-28,219.02999877929688,VRSK
2026-01-29,216.58999633789062,VRSK
2026-01-30,217.4600067138672,VRSK
2026-02-02,214.14999389648438,VRSK
2026-02-03,192.49000549316406,VRSK
2026-02-04,189.50999450683594,VRSK
2026-02-05,184.67999267578125,VRSK
2026-02-06,179.10000610351562,VRSK
